{
  "source_parquet": "dataset_1782052929_1782060129_30s.parquet",
  "source_rows": 48306,
  "step_s": 30,
  "octet_rate_by_site": {
    "branch": {
      "rate_in_median": 4299.0,
      "rate_out_median": 2097.0,
      "_src": "real"
    },
    "core": {
      "rate_in_median": 67118.0,
      "rate_out_median": 6374.0,
      "_src": "real"
    },
    "dc": {
      "rate_in_median": 66270.0,
      "rate_out_median": 3578.0,
      "_src": "real"
    },
    "hub": {
      "rate_in_median": 66312.0,
      "rate_out_median": 5460.0,
      "_src": "real"
    },
    "pe": {
      "rate_in_median": 66439.0,
      "rate_out_median": 3010.0,
      "_src": "real"
    },
    "nan": {
      "rate_in_median": 66270.0,
      "rate_out_median": 2935.0,
      "_src": "real"
    }
  },
  "tunnel_baseline": {
    "tunnel_latency_ms": {
      "mean": 31.550166193999175,
      "std": 18.996099171067993,
      "p50": 26.690649999999998,
      "min": 14.1134,
      "max": 118.5263,
      "_src": "real"
    },
    "tunnel_jitter_ms": {
      "mean": 2.463550493218249,
      "std": 0.6975820673050992,
      "p50": 2.4951,
      "min": 1.0198,
      "max": 8.4697,
      "_src": "real"
    },
    "tunnel_loss_pct": {
      "mean": 0.3239061652281134,
      "std": 0.5563560206165364,
      "p50": 0.0341,
      "min": 0.0,
      "max": 4.8196,
      "_src": "real"
    },
    "tunnel_rekeys": {
      "mean": 11.657007809288944,
      "std": 14.25298184509505,
      "p50": 4.0,
      "min": 0.0,
      "max": 49.0,
      "_src": "real"
    }
  },
  "tunnel_baseline_by_site": {
    "branch": {
      "tunnel_latency_ms": {
        "mean": 33.493821939631076,
        "std": 21.301702143381974,
        "p50": 26.926499999999997,
        "min": 14.1134,
        "max": 118.5263,
        "_src": "real"
      },
      "tunnel_jitter_ms": {
        "mean": 2.456625880380101,
        "std": 0.6845601763234267,
        "p50": 2.4971,
        "min": 1.0198,
        "max": 7.6152,
        "_src": "real"
      },
      "tunnel_loss_pct": {
        "mean": 0.3357137506987144,
        "std": 0.5655717453020432,
        "p50": 0.0364,
        "min": 0.0,
        "max": 4.0874,
        "_src": "real"
      },
      "tunnel_rekeys": {
        "mean": 10.769424259362772,
        "std": 13.943060605870604,
        "p50": 4.0,
        "min": 0.0,
        "max": 49.0,
        "_src": "real"
      }
    },
    "dc": {
      "tunnel_latency_ms": {
        "mean": 26.15078711180124,
        "std": 7.951338560480046,
        "p50": 25.55985,
        "min": 14.3557,
        "max": 67.7163,
        "_src": "real"
      },
      "tunnel_jitter_ms": {
        "mean": 2.4827867236024845,
        "std": 0.7324738392654141,
        "p50": 2.4787,
        "min": 1.0448,
        "max": 8.4697,
        "_src": "real"
      },
      "tunnel_loss_pct": {
        "mean": 0.2911052795031056,
        "std": 0.5287453392875052,
        "p50": 0.030350000000000002,
        "min": 0.0,
        "max": 4.8196,
        "_src": "real"
      },
      "tunnel_rekeys": {
        "mean": 14.122670807453416,
        "std": 14.809398148268068,
        "p50": 6.0,
        "min": 0.0,
        "max": 47.0,
        "_src": "real"
      }
    }
  },
  "fault_signatures": {
    "congestion": {
      "lat_peak": 101.9836,
      "loss_peak": 5.7612,
      "jit_peak": 13.8134,
      "lead_s": 66.4,
      "kind": "tunnel_ramp",
      "_src": "real"
    },
    "bgp_flap": {
      "lat_peak": 34.3347,
      "loss_peak": 0.6658,
      "jit_peak": 3.2858,
      "lead_s": 2.0,
      "kind": "iface_churn",
      "_src": "real"
    },
    "tunnel_degrade": {
      "lat_peak": 52.6217,
      "loss_peak": 9.1985,
      "jit_peak": 6.131,
      "lead_s": 2.0,
      "kind": "tunnel_ramp",
      "_src": "real"
    },
    "policy_drift": {
      "lat_peak": 25.0708,
      "loss_peak": 0.0293,
      "jit_peak": 2.0077,
      "lead_s": 3.0,
      "kind": "iface_churn",
      "_src": "real"
    },
    "node_failure": {
      "lat_peak": 29.7041,
      "loss_peak": 0.0583,
      "jit_peak": 2.6974,
      "lead_s": 1.0,
      "kind": "iface_down",
      "_src": "real"
    },
    "asymmetric_loss": {
      "lat_peak": 32.9258,
      "loss_peak": 9.4281,
      "jit_peak": 3.1289,
      "lead_s": 2.0,
      "kind": "tunnel_ramp",
      "_src": "real"
    },
    "brownout": {
      "lat_peak": 28.6514,
      "loss_peak": 0.0266,
      "jit_peak": 2.4888,
      "lead_s": 2.0,
      "kind": "tunnel_ramp",
      "_src": "real"
    },
    "ldp_session_flap": {
      "lat_peak": 45.0,
      "loss_peak": 3.5,
      "jit_peak": 5.2,
      "lead_s": 4.0,
      "kind": "tunnel_ramp"
    },
    "mpls_underlay_failure": {
      "lat_peak": 0.0,
      "loss_peak": 0.0,
      "jit_peak": 0.0,
      "lead_s": 2.0,
      "kind": "iface_down"
    }
  },
  "real_fault_fraction": 0.0077216080818117835,
  "inventory": {
    "ce_branch1": {
      "site_type": "branch",
      "interfaces": [
        "eth0",
        "eth1",
        "eth2",
        "eth3",
        "eth4",
        "lo",
        "vrf_CORP",
        "vrf_VOICE",
        "wg0"
      ],
      "tunnels": [
        "ce_branch1-ce_hub1",
        "ce_branch1-ce_hub2",
        "ce_branch1-ce_hub3",
        "ce_branch1-ce_hub4"
      ]
    },
    "ce_branch10": {
      "site_type": "branch",
      "interfaces": [
        "eth0",
        "eth1",
        "eth2",
        "eth3",
        "eth4",
        "lo",
        "vrf_CORP",
        "vrf_VOICE",
        "wg0"
      ],
      "tunnels": [
        "ce_branch10-ce_hub1",
        "ce_branch10-ce_hub2",
        "ce_branch10-ce_hub3",
        "ce_branch10-ce_hub4"
      ]
    },
    "ce_branch11": {
      "site_type": "branch",
      "interfaces": [
        "eth0",
        "eth1",
        "eth2",
        "eth3",
        "eth4",
        "lo",
        "vrf_CORP",
        "vrf_VOICE",
        "wg0"
      ],
      "tunnels": [
        "ce_branch11-ce_hub1",
        "ce_branch11-ce_hub2",
        "ce_branch11-ce_hub3",
        "ce_branch11-ce_hub4"
      ]
    },
    "ce_branch12": {
      "site_type": "branch",
      "interfaces": [
        "eth0",
        "eth1",
        "eth2",
        "eth3",
        "eth4",
        "lo",
        "vrf_CORP",
        "vrf_VOICE",
        "wg0"
      ],
      "tunnels": [
        "ce_branch12-ce_hub1",
        "ce_branch12-ce_hub2",
        "ce_branch12-ce_hub3",
        "ce_branch12-ce_hub4"
      ]
    },
    "ce_branch13": {
      "site_type": "branch",
      "interfaces": [
        "eth0",
        "eth1",
        "eth2",
        "eth3",
        "eth4",
        "lo",
        "vrf_CORP",
        "vrf_VOICE",
        "wg0"
      ],
      "tunnels": [
        "ce_branch13-ce_hub1",
        "ce_branch13-ce_hub2",
        "ce_branch13-ce_hub3",
        "ce_branch13-ce_hub4"
      ]
    },
    "ce_branch14": {
      "site_type": "branch",
      "interfaces": [
        "eth0",
        "eth1",
        "eth2",
        "eth3",
        "eth4",
        "lo",
        "vrf_CORP",
        "vrf_VOICE",
        "wg0"
      ],
      "tunnels": [
        "ce_branch14-ce_hub1",
        "ce_branch14-ce_hub2",
        "ce_branch14-ce_hub3",
        "ce_branch14-ce_hub4"
      ]
    },
    "ce_branch15": {
      "site_type": "branch",
      "interfaces": [
        "eth0",
        "eth1",
        "eth2",
        "eth3",
        "eth4",
        "lo",
        "vrf_CORP",
        "vrf_VOICE",
        "wg0"
      ],
      "tunnels": [
        "ce_branch15-ce_hub1",
        "ce_branch15-ce_hub2",
        "ce_branch15-ce_hub3",
        "ce_branch15-ce_hub4"
      ]
    },
    "ce_branch16": {
      "site_type": "branch",
      "interfaces": [
        "eth0",
        "eth1",
        "eth2",
        "eth3",
        "eth4",
        "lo",
        "vrf_CORP",
        "vrf_VOICE",
        "wg0"
      ],
      "tunnels": [
        "ce_branch16-ce_hub1",
        "ce_branch16-ce_hub2",
        "ce_branch16-ce_hub3",
        "ce_branch16-ce_hub4"
      ]
    },